"","Labels","Levels","Class","Storage","NAs"
"SEQNUMC","",1,"","integer",28465
"SEQNUMHH","",1,"","integer",28465
"PDAT","",2,"","integer",0
"PROVWT_D","FINAL DUAL-FRAME PROVIDER-PHASE WEIGHT (EXCLUDES TERRITORIES)",0,"numeric","double",13132
"RDDWT_D","FINAL DUAL-FRAME RDD-PHASE WEIGHT (EXCLUDES TERRITORIES)",0,"numeric","double",0
"STRATUM","STRATUM VARIABLE FOR DUAL-FRAME VARIANCE ESTIMATION",0,"integer","integer",0
"YEAR","YEAR OF INTERVIEW",0,"integer","integer",0
"AGECPOXR","",4,"","integer",28075
"HAD_CPOX","",4,"","integer",0
"AGEGRP","",3,"","integer",0
"BF_ENDR06","DURATION OF BREASTFEEDING IN DAYS (RECODE)",0,"numeric","double",6028
"BF_EXCLR06","DURATION OF EXCLUSIVE BREAST/FORMULA FEEDING IN DAYS (RECODE)",0,"numeric","double",5311
"BF_FORMR08","",1,"","integer",21946
"BFENDFL06","",1,"","integer",28460
"BFFORMFL06","",1,"","integer",28465
"C1R","",8,"","integer",0
"C5R","",6,"","integer",0
"CBF_01","",4,"","integer",0
"CEN_REG","",4,"","integer",0
"CHILDNM","",5,"","integer",0
"CWIC_01","",5,"","integer",0
"CWIC_02","",4,"","integer",16816
"EDUC1","",6,"","integer",0
"FRSTBRN","",4,"","integer",0
"I_HISP_K","",5,"","integer",0
"INCPORAR","INCOME TO POVERTY RATIO (RECODE)",0,"numeric","double",2413
"INCPORAR_I","INCOME TO POVERTY RATIO: IMPUTED (RECODE)",0,"numeric","double",0
"INCPOV1","",4,"","integer",0
"INCQ298A","",14,"","integer",0
"LANGUAGE","",3,"","integer",0
"M_AGEGRP2","",4,"","integer",0
"MARITAL2","",2,"","integer",0
"MOBIL_I","",4,"","integer",0
"NUM_PHONE","",6,"","integer",21043
"NUM_CELLS_HH","",6,"","integer",0
"NUM_CELLS_PARENTS","",6,"","integer",137
"RACE_K","",3,"","integer",0
"RACEETHK","",4,"","integer",0
"RENT_OWN","",5,"","integer",0
"SEX","",4,"","integer",0
"ESTIAP17","",62,"","integer",0
"EST_GRANT","",56,"","integer",0
"STATE","",54,"","integer",0
"D6R","",4,"","integer",3162
"D7","",2,"","integer",10462
"N_PRVR","",4,"","integer",0
"PROV_FAC","",7,"","integer",13422
"REGISTRY","",4,"","integer",13422
"VFC_ORDER","",4,"","integer",13422
"HEP_BRTH","",2,"","integer",13621
"HEP_FLAG","",2,"","integer",28465
"P_NUHEPX","",3,"","integer",28465
"P_NUHIBX","",3,"","integer",28465
"P_NUHPHB","",3,"","integer",28465
"P_NUMDAH","",3,"","integer",28465
"P_NUMDHI","",3,"","integer",28465
"P_NUMDIH","",3,"","integer",28465
"P_NUMDTA","",3,"","integer",28465
"P_NUMDTP","",3,"","integer",28465
"P_NUMFLU","",3,"","integer",28465
"P_NUMFLUL","",3,"","integer",28465
"P_NUMFLUM","",3,"","integer",28465
"P_NUMFLUN","",3,"","integer",28465
"P_NUMHEA","",3,"","integer",28465
"P_NUMHEN","",3,"","integer",28465
"P_NUMHEP","",3,"","integer",28465
"P_NUMHG","",3,"","integer",28465
"P_NUMHHY","",3,"","integer",28465
"P_NUMHIB","",3,"","integer",28465
"P_NUMHIN","",3,"","integer",28465
"P_NUMHION","",3,"","integer",28465
"P_NUMHM","",3,"","integer",28465
"P_NUMHS","",3,"","integer",28465
"P_NUMIPV","",3,"","integer",28465
"P_NUMMCN","",3,"","integer",28465
"P_NUMMMR","",3,"","integer",28465
"P_NUMMMRX","",3,"","integer",28465
"P_NUMMMX","",3,"","integer",28465
"P_NUMMP","",3,"","integer",28465
"P_NUMMPR","",3,"","integer",28465
"P_NUMMRV","",3,"","integer",28465
"P_NUMMS","",3,"","integer",28465
"P_NUMMSM","",3,"","integer",28465
"P_NUMMSR","",3,"","integer",28465
"P_NUMOLN","",3,"","integer",28465
"P_NUMOPV","",3,"","integer",28465
"P_NUMPCV","",3,"","integer",28465
"P_NUMPCP","",3,"","integer",28465
"P_NUMPCC","",3,"","integer",28465
"P_NUMPCC7","",3,"","integer",28465
"P_NUMPCC13","",3,"","integer",28465
"P_NUMPCCN","",3,"","integer",28465
"P_NUMPCN","",3,"","integer",28465
"P_NUMPOL","",3,"","integer",28465
"P_NUMRB","",3,"","integer",28465
"P_NUMRG","",3,"","integer",28465
"P_NUMRM","",3,"","integer",28465
"P_NUMRO","",3,"","integer",28465
"P_NUMROT","",3,"","integer",28465
"P_NUMTPN","",3,"","integer",28465
"P_NUMVRC","",3,"","integer",28465
"P_NUMVRN","",3,"","integer",28465
"P_NUMVRX","",3,"","integer",28465
"P_U12VRC","",2,"","integer",13132
"P_UTD331","",2,"","integer",13132
"P_UTD431","",2,"","integer",13132
"P_UTDHEP","",2,"","integer",13132
"P_UTDHEPA1","",3,"","integer",28465
"P_UTDHEPA2","",2,"","integer",13132
"P_UTDHIB","",2,"","integer",13132
"P_UTDHIB_ROUT_S","",2,"","integer",13132
"P_UTDHIB_SHORT_S","",2,"","integer",13132
"P_UTDMCV","",2,"","integer",13132
"P_UTDMMX","",2,"","integer",13132
"P_UTDPC3","",2,"","integer",13132
"P_UTDPCV","",2,"","integer",13132
"P_UTDPCVB13","",3,"","integer",13132
"P_UTDPOL","",2,"","integer",13132
"P_UTDROT_S","",2,"","integer",13132
"P_UTDTP3","",2,"","integer",13132
"P_UTDTP4","",2,"","integer",13132
"PU431331","",2,"","integer",13132
"P_UTD431H31_ROUT_S","",2,"","integer",13132
"PU431_31","",2,"","integer",13132
"PU4313313","",2,"","integer",13132
"P_UTD431H313_ROUT_S","",2,"","integer",13132
"PU4313314","",2,"","integer",13132
"P_UTD431H314_ROUT_S","",2,"","integer",13132
"PU431_314","",2,"","integer",13132
"PUT43133","",2,"","integer",13132
"P_UTD431H3_ROUT_S","",2,"","integer",13132
"PUTD4313","",2,"","integer",13132
"P_UTD431H_ROUT_S","",2,"","integer",13132
"U1D_HEP","",3,"","integer",28465
"U2D_HEP","",3,"","integer",28465
"U3D_HEP","",3,"","integer",28465
"DDTP1","AGE IN DAYS OF PROV-REPTD DT-CONTAINING SHOT #1",0,"integer","integer",13650
"DDTP2","AGE IN DAYS OF PROV-REPTD DT-CONTAINING SHOT #2",0,"integer","integer",13801
"DDTP3","AGE IN DAYS OF PROV-REPTD DT-CONTAINING SHOT #3",0,"integer","integer",13998
"DDTP4","AGE IN DAYS OF PROV-REPTD DT-CONTAINING SHOT #4",0,"integer","integer",15297
"DDTP5","AGE IN DAYS OF PROV-REPTD DT-CONTAINING SHOT #5",0,"integer","integer",28203
"DDTP6","AGE IN DAYS OF PROV-REPTD DT-CONTAINING SHOT #6",0,"integer","integer",28450
"DDTP7","AGE IN DAYS OF PROV-REPTD DT-CONTAINING SHOT #7",0,"integer","integer",28462
"DDTP8","AGE IN DAYS OF PROV-REPTD DT-CONTAINING SHOT #8",0,"logical","logical",28465
"DDTP9","AGE IN DAYS OF PROV-REPTD DT-CONTAINING SHOT #9",0,"logical","logical",28465
"DFLU1","AGE IN DAYS OF PROV-REPTD SEASONAL FLU-CONTAINING VACCINATION #1",0,"integer","integer",17145
"DFLU2","AGE IN DAYS OF PROV-REPTD SEASONAL FLU-CONTAINING VACCINATION #2",0,"integer","integer",18749
"DFLU3","AGE IN DAYS OF PROV-REPTD SEASONAL FLU-CONTAINING VACCINATION #3",0,"integer","integer",21788
"DFLU4","AGE IN DAYS OF PROV-REPTD SEASONAL FLU-CONTAINING VACCINATION #4",0,"integer","integer",26547
"DFLU5","AGE IN DAYS OF PROV-REPTD SEASONAL FLU-CONTAINING VACCINATION #5",0,"integer","integer",28366
"DFLU6","AGE IN DAYS OF PROV-REPTD SEASONAL FLU-CONTAINING VACCINATION #6",0,"integer","integer",28459
"DFLU7","AGE IN DAYS OF PROV-REPTD SEASONAL FLU-CONTAINING VACCINATION #7",0,"logical","logical",28465
"DFLU8","AGE IN DAYS OF PROV-REPTD SEASONAL FLU-CONTAINING VACCINATION #8",0,"logical","logical",28465
"DFLU9","AGE IN DAYS OF PROV-REPTD SEASONAL FLU-CONTAINING VACCINATION #9",0,"logical","logical",28465
"DHEPA1","AGE IN DAYS OF PROV-REPTD HEPATITIS A-CONTAINING SHOT #1",0,"integer","integer",15034
"DHEPA2","AGE IN DAYS OF PROV-REPTD HEPATITIS A-CONTAINING SHOT #2",0,"integer","integer",18223
"DHEPA3","AGE IN DAYS OF PROV-REPTD HEPATITIS A-CONTAINING SHOT #3",0,"integer","integer",28402
"DHEPA4","AGE IN DAYS OF PROV-REPTD HEPATITIS A-CONTAINING SHOT #4",0,"integer","integer",28464
"DHEPA5","AGE IN DAYS OF PROV-REPTD HEPATITIS A-CONTAINING SHOT #5",0,"integer","integer",28464
"DHEPA6","AGE IN DAYS OF PROV-REPTD HEPATITIS A-CONTAINING SHOT #6",0,"logical","logical",28465
"DHEPA7","AGE IN DAYS OF PROV-REPTD HEPATITIS A-CONTAINING SHOT #7",0,"logical","logical",28465
"DHEPA8","AGE IN DAYS OF PROV-REPTD HEPATITIS A-CONTAINING SHOT #8",0,"logical","logical",28465
"DHEPA9","AGE IN DAYS OF PROV-REPTD HEPATITIS A-CONTAINING SHOT #9",0,"logical","logical",28465
"DHEPB1","AGE IN DAYS OF PROV-REPTD HEPATITIS B-CONTAINING SHOT #1",0,"integer","integer",13621
"DHEPB2","AGE IN DAYS OF PROV-REPTD HEPATITIS B-CONTAINING SHOT #2",0,"integer","integer",13955
"DHEPB3","AGE IN DAYS OF PROV-REPTD HEPATITIS B-CONTAINING SHOT #3",0,"integer","integer",14394
"DHEPB4","AGE IN DAYS OF PROV-REPTD HEPATITIS B-CONTAINING SHOT #4",0,"integer","integer",23514
"DHEPB5","AGE IN DAYS OF PROV-REPTD HEPATITIS B-CONTAINING SHOT #5",0,"integer","integer",28243
"DHEPB6","AGE IN DAYS OF PROV-REPTD HEPATITIS B-CONTAINING SHOT #6",0,"integer","integer",28446
"DHEPB7","AGE IN DAYS OF PROV-REPTD HEPATITIS B-CONTAINING SHOT #7",0,"integer","integer",28463
"DHEPB8","AGE IN DAYS OF PROV-REPTD HEPATITIS B-CONTAINING SHOT #8",0,"logical","logical",28465
"DHEPB9","AGE IN DAYS OF PROV-REPTD HEPATITIS B-CONTAINING SHOT #9",0,"logical","logical",28465
"DHIB1","AGE IN DAYS OF PROV-REPTD HIB-CONTAINING SHOT #1",0,"integer","integer",13704
"DHIB2","AGE IN DAYS OF PROV-REPTD HIB-CONTAINING SHOT #2",0,"integer","integer",13927
"DHIB3","AGE IN DAYS OF PROV-REPTD HIB-CONTAINING SHOT #3",0,"integer","integer",14297
"DHIB4","AGE IN DAYS OF PROV-REPTD HIB-CONTAINING SHOT #4",0,"integer","integer",18473
"DHIB5","AGE IN DAYS OF PROV-REPTD HIB-CONTAINING SHOT #5",0,"integer","integer",28286
"DHIB6","AGE IN DAYS OF PROV-REPTD HIB-CONTAINING SHOT #6",0,"integer","integer",28459
"DHIB7","AGE IN DAYS OF PROV-REPTD HIB-CONTAINING SHOT #7",0,"integer","integer",28464
"DHIB8","AGE IN DAYS OF PROV-REPTD HIB-CONTAINING SHOT #8",0,"logical","logical",28465
"DHIB9","AGE IN DAYS OF PROV-REPTD HIB-CONTAINING SHOT #9",0,"logical","logical",28465
"DMMR1","AGE IN DAYS OF PROV-REPTD MEASLES-CONTAINING SHOT #1",0,"integer","integer",14222
"DMMR2","AGE IN DAYS OF PROV-REPTD MEASLES-CONTAINING SHOT #2",0,"integer","integer",28036
"DMMR3","AGE IN DAYS OF PROV-REPTD MEASLES-CONTAINING SHOT #3",0,"integer","integer",28453
"DMMR4","AGE IN DAYS OF PROV-REPTD MEASLES-CONTAINING SHOT #4",0,"integer","integer",28464
"DMMR5","AGE IN DAYS OF PROV-REPTD MEASLES-CONTAINING SHOT #5",0,"logical","logical",28465
"DMMR6","AGE IN DAYS OF PROV-REPTD MEASLES-CONTAINING SHOT #6",0,"logical","logical",28465
"DMMR7","AGE IN DAYS OF PROV-REPTD MEASLES-CONTAINING SHOT #7",0,"logical","logical",28465
"DMMR8","AGE IN DAYS OF PROV-REPTD MEASLES-CONTAINING SHOT #8",0,"logical","logical",28465
"DMMR9","AGE IN DAYS OF PROV-REPTD MEASLES-CONTAINING SHOT #9",0,"logical","logical",28465
"DMP1","AGE IN DAYS OF PROV-REPTD MUMPS-ONLY SHOT #1",0,"integer","integer",28464
"DMP2","AGE IN DAYS OF PROV-REPTD MUMPS-ONLY SHOT #2",0,"logical","logical",28465
"DMP3","AGE IN DAYS OF PROV-REPTD MUMPS-ONLY SHOT #3",0,"logical","logical",28465
"DMP4","AGE IN DAYS OF PROV-REPTD MUMPS-ONLY SHOT #4",0,"logical","logical",28465
"DMP5","AGE IN DAYS OF PROV-REPTD MUMPS-ONLY SHOT #5",0,"logical","logical",28465
"DMP6","AGE IN DAYS OF PROV-REPTD MUMPS-ONLY SHOT #6",0,"logical","logical",28465
"DMP7","AGE IN DAYS OF PROV-REPTD MUMPS-ONLY SHOT #7",0,"logical","logical",28465
"DMP8","AGE IN DAYS OF PROV-REPTD MUMPS-ONLY SHOT #8",0,"logical","logical",28465
"DMP9","AGE IN DAYS OF PROV-REPTD MUMPS-ONLY SHOT #9",0,"logical","logical",28465
"DMPRB1","AGE IN DAYS OF PROV-REPTD (MUMPS/RUBELLA)-ONLY SHOT #1",0,"logical","logical",28465
"DMPRB2","AGE IN DAYS OF PROV-REPTD (MUMPS/RUBELLA)-ONLY SHOT #2",0,"logical","logical",28465
"DMPRB3","AGE IN DAYS OF PROV-REPTD (MUMPS/RUBELLA)-ONLY SHOT #3",0,"logical","logical",28465
"DMPRB4","AGE IN DAYS OF PROV-REPTD (MUMPS/RUBELLA)-ONLY SHOT #4",0,"logical","logical",28465
"DMPRB5","AGE IN DAYS OF PROV-REPTD (MUMPS/RUBELLA)-ONLY SHOT #5",0,"logical","logical",28465
"DMPRB6","AGE IN DAYS OF PROV-REPTD (MUMPS/RUBELLA)-ONLY SHOT #6",0,"logical","logical",28465
"DMPRB7","AGE IN DAYS OF PROV-REPTD (MUMPS/RUBELLA)-ONLY SHOT #7",0,"logical","logical",28465
"DMPRB8","AGE IN DAYS OF PROV-REPTD (MUMPS/RUBELLA)-ONLY SHOT #8",0,"logical","logical",28465
"DMPRB9","AGE IN DAYS OF PROV-REPTD (MUMPS/RUBELLA)-ONLY SHOT #9",0,"logical","logical",28465
"DPCV1","AGE IN DAYS OF PROV-REPTD PNEUMOCOCCAL-CONTAINING SHOT #1",0,"integer","integer",13747
"DPCV2","AGE IN DAYS OF PROV-REPTD PNEUMOCOCCAL-CONTAINING SHOT #2",0,"integer","integer",13945
"DPCV3","AGE IN DAYS OF PROV-REPTD PNEUMOCOCCAL-CONTAINING SHOT #3",0,"integer","integer",14238
"DPCV4","AGE IN DAYS OF PROV-REPTD PNEUMOCOCCAL-CONTAINING SHOT #4",0,"integer","integer",15408
"DPCV5","AGE IN DAYS OF PROV-REPTD PNEUMOCOCCAL-CONTAINING SHOT #5",0,"integer","integer",28272
"DPCV6","AGE IN DAYS OF PROV-REPTD PNEUMOCOCCAL-CONTAINING SHOT #6",0,"integer","integer",28457
"DPCV7","AGE IN DAYS OF PROV-REPTD PNEUMOCOCCAL-CONTAINING SHOT #7",0,"integer","integer",28464
"DPCV8","AGE IN DAYS OF PROV-REPTD PNEUMOCOCCAL-CONTAINING SHOT #8",0,"logical","logical",28465
"DPCV9","AGE IN DAYS OF PROV-REPTD PNEUMOCOCCAL-CONTAINING SHOT #9",0,"logical","logical",28465
"DPOLIO1","AGE IN DAYS OF PROV-REPTD POLIO-CONTAINING SHOT #1",0,"integer","integer",13736
"DPOLIO2","AGE IN DAYS OF PROV-REPTD POLIO-CONTAINING SHOT #2",0,"integer","integer",13878
"DPOLIO3","AGE IN DAYS OF PROV-REPTD POLIO-CONTAINING SHOT #3",0,"integer","integer",14158
"DPOLIO4","AGE IN DAYS OF PROV-REPTD POLIO-CONTAINING SHOT #4",0,"integer","integer",25712
"DPOLIO5","AGE IN DAYS OF PROV-REPTD POLIO-CONTAINING SHOT #5",0,"integer","integer",28391
"DPOLIO6","AGE IN DAYS OF PROV-REPTD POLIO-CONTAINING SHOT #6",0,"integer","integer",28453
"DPOLIO7","AGE IN DAYS OF PROV-REPTD POLIO-CONTAINING SHOT #7",0,"logical","logical",28465
"DPOLIO8","AGE IN DAYS OF PROV-REPTD POLIO-CONTAINING SHOT #8",0,"logical","logical",28465
"DPOLIO9","AGE IN DAYS OF PROV-REPTD POLIO-CONTAINING SHOT #9",0,"logical","logical",28465
"DRB1","AGE IN DAYS OF PROV-REPTD RUBELLA-ONLY SHOT #1",0,"logical","logical",28465
"DRB2","AGE IN DAYS OF PROV-REPTD RUBELLA-ONLY SHOT #2",0,"logical","logical",28465
"DRB3","AGE IN DAYS OF PROV-REPTD RUBELLA-ONLY SHOT #3",0,"logical","logical",28465
"DRB4","AGE IN DAYS OF PROV-REPTD RUBELLA-ONLY SHOT #4",0,"logical","logical",28465
"DRB5","AGE IN DAYS OF PROV-REPTD RUBELLA-ONLY SHOT #5",0,"logical","logical",28465
"DRB6","AGE IN DAYS OF PROV-REPTD RUBELLA-ONLY SHOT #6",0,"logical","logical",28465
"DRB7","AGE IN DAYS OF PROV-REPTD RUBELLA-ONLY SHOT #7",0,"logical","logical",28465
"DRB8","AGE IN DAYS OF PROV-REPTD RUBELLA-ONLY SHOT #8",0,"logical","logical",28465
"DRB9","AGE IN DAYS OF PROV-REPTD RUBELLA-ONLY SHOT #9",0,"logical","logical",28465
"DROT1","AGE IN DAYS OF PROV-REPTD ROTAVIRUS-CONTAINING SHOT #1",0,"integer","integer",14870
"DROT2","AGE IN DAYS OF PROV-REPTD ROTAVIRUS-CONTAINING SHOT #2",0,"integer","integer",15305
"DROT3","AGE IN DAYS OF PROV-REPTD ROTAVIRUS-CONTAINING SHOT #3",0,"integer","integer",19551
"DROT4","AGE IN DAYS OF PROV-REPTD ROTAVIRUS-CONTAINING SHOT #4",0,"integer","integer",28430
"DROT5","AGE IN DAYS OF PROV-REPTD ROTAVIRUS-CONTAINING SHOT #5",0,"logical","logical",28465
"DROT6","AGE IN DAYS OF PROV-REPTD ROTAVIRUS-CONTAINING SHOT #6",0,"logical","logical",28465
"DROT7","AGE IN DAYS OF PROV-REPTD ROTAVIRUS-CONTAINING SHOT #7",0,"logical","logical",28465
"DROT8","AGE IN DAYS OF PROV-REPTD ROTAVIRUS-CONTAINING SHOT #8",0,"logical","logical",28465
"DROT9","AGE IN DAYS OF PROV-REPTD ROTAVIRUS-CONTAINING SHOT #9",0,"logical","logical",28465
"DVRC1","AGE IN DAYS OF PROV-REPTD VARICELLA-CONTAINING SHOT #1",0,"integer","integer",14389
"DVRC2","AGE IN DAYS OF PROV-REPTD VARICELLA-CONTAINING SHOT #2",0,"integer","integer",28209
"DVRC3","AGE IN DAYS OF PROV-REPTD VARICELLA-CONTAINING SHOT #3",0,"integer","integer",28464
"DVRC4","AGE IN DAYS OF PROV-REPTD VARICELLA-CONTAINING SHOT #4",0,"logical","logical",28465
"DVRC5","AGE IN DAYS OF PROV-REPTD VARICELLA-CONTAINING SHOT #5",0,"logical","logical",28465
"DVRC6","AGE IN DAYS OF PROV-REPTD VARICELLA-CONTAINING SHOT #6",0,"logical","logical",28465
"DVRC7","AGE IN DAYS OF PROV-REPTD VARICELLA-CONTAINING SHOT #7",0,"logical","logical",28465
"DVRC8","AGE IN DAYS OF PROV-REPTD VARICELLA-CONTAINING SHOT #8",0,"logical","logical",28465
"DVRC9","AGE IN DAYS OF PROV-REPTD VARICELLA-CONTAINING SHOT #9",0,"logical","logical",28465
"DTP1_AGE","AGE IN MONTHS OF PROV-REPTD DT-CONTAINING SHOT #1",0,"integer","integer",13650
"DTP2_AGE","AGE IN MONTHS OF PROV-REPTD DT-CONTAINING SHOT #2",0,"integer","integer",13801
"DTP3_AGE","AGE IN MONTHS OF PROV-REPTD DT-CONTAINING SHOT #3",0,"integer","integer",13998
"DTP4_AGE","AGE IN MONTHS OF PROV-REPTD DT-CONTAINING SHOT #4",0,"integer","integer",15297
"DTP5_AGE","AGE IN MONTHS OF PROV-REPTD DT-CONTAINING SHOT #5",0,"integer","integer",28203
"DTP6_AGE","AGE IN MONTHS OF PROV-REPTD DT-CONTAINING SHOT #6",0,"integer","integer",28450
"DTP7_AGE","AGE IN MONTHS OF PROV-REPTD DT-CONTAINING SHOT #7",0,"integer","integer",28462
"DTP8_AGE","AGE IN MONTHS OF PROV-REPTD DT-CONTAINING SHOT #8",0,"logical","logical",28465
"DTP9_AGE","AGE IN MONTHS OF PROV-REPTD DT-CONTAINING SHOT #9",0,"logical","logical",28465
"FLU1_AGE","AGE IN MONTHS OF PROV-REPTD SEASONAL FLU-CONTAINING VACCINATION #1",0,"integer","integer",17145
"FLU2_AGE","AGE IN MONTHS OF PROV-REPTD SEASONAL FLU-CONTAINING VACCINATION #2",0,"integer","integer",18749
"FLU3_AGE","AGE IN MONTHS OF PROV-REPTD SEASONAL FLU-CONTAINING VACCINATION #3",0,"integer","integer",21788
"FLU4_AGE","AGE IN MONTHS OF PROV-REPTD SEASONAL FLU-CONTAINING VACCINATION #4",0,"integer","integer",26547
"FLU5_AGE","AGE IN MONTHS OF PROV-REPTD SEASONAL FLU-CONTAINING VACCINATION #5",0,"integer","integer",28366
"FLU6_AGE","AGE IN MONTHS OF PROV-REPTD SEASONAL FLU-CONTAINING VACCINATION #6",0,"integer","integer",28459
"FLU7_AGE","AGE IN MONTHS OF PROV-REPTD SEASONAL FLU-CONTAINING VACCINATION #7",0,"logical","logical",28465
"FLU8_AGE","AGE IN MONTHS OF PROV-REPTD SEASONAL FLU-CONTAINING VACCINATION #8",0,"logical","logical",28465
"FLU9_AGE","AGE IN MONTHS OF PROV-REPTD SEASONAL FLU-CONTAINING VACCINATION #9",0,"logical","logical",28465
"HEA1_AGE","AGE IN MONTHS OF PROV-REPTD HEPATITIS A-CONTAINING SHOT #1",0,"integer","integer",15034
"HEA2_AGE","AGE IN MONTHS OF PROV-REPTD HEPATITIS A-CONTAINING SHOT #2",0,"integer","integer",18223
"HEA3_AGE","AGE IN MONTHS OF PROV-REPTD HEPATITIS A-CONTAINING SHOT #3",0,"integer","integer",28402
"HEA4_AGE","AGE IN MONTHS OF PROV-REPTD HEPATITIS A-CONTAINING SHOT #4",0,"integer","integer",28464
"HEA5_AGE","AGE IN MONTHS OF PROV-REPTD HEPATITIS A-CONTAINING SHOT #5",0,"integer","integer",28464
"HEA6_AGE","AGE IN MONTHS OF PROV-REPTD HEPATITIS A-CONTAINING SHOT #6",0,"logical","logical",28465
"HEA7_AGE","AGE IN MONTHS OF PROV-REPTD HEPATITIS A-CONTAINING SHOT #7",0,"logical","logical",28465
"HEA8_AGE","AGE IN MONTHS OF PROV-REPTD HEPATITIS A-CONTAINING SHOT #8",0,"logical","logical",28465
"HEA9_AGE","AGE IN MONTHS OF PROV-REPTD HEPATITIS A-CONTAINING SHOT #9",0,"logical","logical",28465
"HEP1_AGE","AGE IN MONTHS OF PROV-REPTD HEPATITIS B-CONTAINING SHOT #1",0,"integer","integer",13621
"HEP2_AGE","AGE IN MONTHS OF PROV-REPTD HEPATITIS B-CONTAINING SHOT #2",0,"integer","integer",13955
"HEP3_AGE","AGE IN MONTHS OF PROV-REPTD HEPATITIS B-CONTAINING SHOT #3",0,"integer","integer",14394
"HEP4_AGE","AGE IN MONTHS OF PROV-REPTD HEPATITIS B-CONTAINING SHOT #4",0,"integer","integer",23514
"HEP5_AGE","AGE IN MONTHS OF PROV-REPTD HEPATITIS B-CONTAINING SHOT #5",0,"integer","integer",28243
"HEP6_AGE","AGE IN MONTHS OF PROV-REPTD HEPATITIS B-CONTAINING SHOT #6",0,"integer","integer",28446
"HEP7_AGE","AGE IN MONTHS OF PROV-REPTD HEPATITIS B-CONTAINING SHOT #7",0,"integer","integer",28463
"HEP8_AGE","AGE IN MONTHS OF PROV-REPTD HEPATITIS B-CONTAINING SHOT #8",0,"logical","logical",28465
"HEP9_AGE","AGE IN MONTHS OF PROV-REPTD HEPATITIS B-CONTAINING SHOT #9",0,"logical","logical",28465
"HIB1_AGE","AGE IN MONTHS OF PROV-REPTD HIB-CONTAINING SHOT #1",0,"integer","integer",13704
"HIB2_AGE","AGE IN MONTHS OF PROV-REPTD HIB-CONTAINING SHOT #2",0,"integer","integer",13927
"HIB3_AGE","AGE IN MONTHS OF PROV-REPTD HIB-CONTAINING SHOT #3",0,"integer","integer",14297
"HIB4_AGE","AGE IN MONTHS OF PROV-REPTD HIB-CONTAINING SHOT #4",0,"integer","integer",18473
"HIB5_AGE","AGE IN MONTHS OF PROV-REPTD HIB-CONTAINING SHOT #5",0,"integer","integer",28286
"HIB6_AGE","AGE IN MONTHS OF PROV-REPTD HIB-CONTAINING SHOT #6",0,"integer","integer",28459
"HIB7_AGE","AGE IN MONTHS OF PROV-REPTD HIB-CONTAINING SHOT #7",0,"integer","integer",28464
"HIB8_AGE","AGE IN MONTHS OF PROV-REPTD HIB-CONTAINING SHOT #8",0,"logical","logical",28465
"HIB9_AGE","AGE IN MONTHS OF PROV-REPTD HIB-CONTAINING SHOT #9",0,"logical","logical",28465
"MMR1_AGE","AGE IN MONTHS OF PROV-REPTD MEASLES-CONTAINING SHOT #1",0,"integer","integer",14222
"MMR2_AGE","AGE IN MONTHS OF PROV-REPTD MEASLES-CONTAINING SHOT #2",0,"integer","integer",28036
"MMR3_AGE","AGE IN MONTHS OF PROV-REPTD MEASLES-CONTAINING SHOT #3",0,"integer","integer",28453
"MMR4_AGE","AGE IN MONTHS OF PROV-REPTD MEASLES-CONTAINING SHOT #4",0,"integer","integer",28464
"MMR5_AGE","AGE IN MONTHS OF PROV-REPTD MEASLES-CONTAINING SHOT #5",0,"logical","logical",28465
"MMR6_AGE","AGE IN MONTHS OF PROV-REPTD MEASLES-CONTAINING SHOT #6",0,"logical","logical",28465
"MMR7_AGE","AGE IN MONTHS OF PROV-REPTD MEASLES-CONTAINING SHOT #7",0,"logical","logical",28465
"MMR8_AGE","AGE IN MONTHS OF PROV-REPTD MEASLES-CONTAINING SHOT #8",0,"logical","logical",28465
"MMR9_AGE","AGE IN MONTHS OF PROV-REPTD MEASLES-CONTAINING SHOT #9",0,"logical","logical",28465
"MP1_AGE","AGE IN MONTHS OF PROV-REPTD MUMPS-ONLY SHOT #1",0,"integer","integer",28464
"MP2_AGE","AGE IN MONTHS OF PROV-REPTD MUMPS-ONLY SHOT #2",0,"logical","logical",28465
"MP3_AGE","AGE IN MONTHS OF PROV-REPTD MUMPS-ONLY SHOT #3",0,"logical","logical",28465
"MP4_AGE","AGE IN MONTHS OF PROV-REPTD MUMPS-ONLY SHOT #4",0,"logical","logical",28465
"MP5_AGE","AGE IN MONTHS OF PROV-REPTD MUMPS-ONLY SHOT #5",0,"logical","logical",28465
"MP6_AGE","AGE IN MONTHS OF PROV-REPTD MUMPS-ONLY SHOT #6",0,"logical","logical",28465
"MP7_AGE","AGE IN MONTHS OF PROV-REPTD MUMPS-ONLY SHOT #7",0,"logical","logical",28465
"MP8_AGE","AGE IN MONTHS OF PROV-REPTD MUMPS-ONLY SHOT #8",0,"logical","logical",28465
"MP9_AGE","AGE IN MONTHS OF PROV-REPTD MUMPS-ONLY SHOT #9",0,"logical","logical",28465
"MPR1_AGE","AGE IN MONTHS OF PROV-REPTD (MUMPS/RUBELLA)-ONLY SHOT #1",0,"logical","logical",28465
"MPR2_AGE","AGE IN MONTHS OF PROV-REPTD (MUMPS/RUBELLA)-ONLY SHOT #2",0,"logical","logical",28465
"MPR3_AGE","AGE IN MONTHS OF PROV-REPTD (MUMPS/RUBELLA)-ONLY SHOT #3",0,"logical","logical",28465
"MPR4_AGE","AGE IN MONTHS OF PROV-REPTD (MUMPS/RUBELLA)-ONLY SHOT #4",0,"logical","logical",28465
"MPR5_AGE","AGE IN MONTHS OF PROV-REPTD (MUMPS/RUBELLA)-ONLY SHOT #5",0,"logical","logical",28465
"MPR6_AGE","AGE IN MONTHS OF PROV-REPTD (MUMPS/RUBELLA)-ONLY SHOT #6",0,"logical","logical",28465
"MPR7_AGE","AGE IN MONTHS OF PROV-REPTD (MUMPS/RUBELLA)-ONLY SHOT #7",0,"logical","logical",28465
"MPR8_AGE","AGE IN MONTHS OF PROV-REPTD (MUMPS/RUBELLA)-ONLY SHOT #8",0,"logical","logical",28465
"MPR9_AGE","AGE IN MONTHS OF PROV-REPTD (MUMPS/RUBELLA)-ONLY SHOT #9",0,"logical","logical",28465
"PCV1_AGE","AGE IN MONTHS OF PROV-REPTD PNEUMOCOCCAL-CONTAINING SHOT #1",0,"integer","integer",13747
"PCV2_AGE","AGE IN MONTHS OF PROV-REPTD PNEUMOCOCCAL-CONTAINING SHOT #2",0,"integer","integer",13945
"PCV3_AGE","AGE IN MONTHS OF PROV-REPTD PNEUMOCOCCAL-CONTAINING SHOT #3",0,"integer","integer",14238
"PCV4_AGE","AGE IN MONTHS OF PROV-REPTD PNEUMOCOCCAL-CONTAINING SHOT #4",0,"integer","integer",15408
"PCV5_AGE","AGE IN MONTHS OF PROV-REPTD PNEUMOCOCCAL-CONTAINING SHOT #5",0,"integer","integer",28272
"PCV6_AGE","AGE IN MONTHS OF PROV-REPTD PNEUMOCOCCAL-CONTAINING SHOT #6",0,"integer","integer",28457
"PCV7_AGE","AGE IN MONTHS OF PROV-REPTD PNEUMOCOCCAL-CONTAINING SHOT #7",0,"integer","integer",28464
"PCV8_AGE","AGE IN MONTHS OF PROV-REPTD PNEUMOCOCCAL-CONTAINING SHOT #8",0,"logical","logical",28465
"PCV9_AGE","AGE IN MONTHS OF PROV-REPTD PNEUMOCOCCAL-CONTAINING SHOT #9",0,"logical","logical",28465
"POL1_AGE","AGE IN MONTHS OF PROV-REPTD POLIO-CONTAINING SHOT #1",0,"integer","integer",13736
"POL2_AGE","AGE IN MONTHS OF PROV-REPTD POLIO-CONTAINING SHOT #2",0,"integer","integer",13878
"POL3_AGE","AGE IN MONTHS OF PROV-REPTD POLIO-CONTAINING SHOT #3",0,"integer","integer",14158
"POL4_AGE","AGE IN MONTHS OF PROV-REPTD POLIO-CONTAINING SHOT #4",0,"integer","integer",25712
"POL5_AGE","AGE IN MONTHS OF PROV-REPTD POLIO-CONTAINING SHOT #5",0,"integer","integer",28391
"POL6_AGE","AGE IN MONTHS OF PROV-REPTD POLIO-CONTAINING SHOT #6",0,"integer","integer",28453
"POL7_AGE","AGE IN MONTHS OF PROV-REPTD POLIO-CONTAINING SHOT #7",0,"logical","logical",28465
"POL8_AGE","AGE IN MONTHS OF PROV-REPTD POLIO-CONTAINING SHOT #8",0,"logical","logical",28465
"POL9_AGE","AGE IN MONTHS OF PROV-REPTD POLIO-CONTAINING SHOT #9",0,"logical","logical",28465
"RB1_AGE","AGE IN MONTHS OF PROV-REPTD RUBELLA-ONLY SHOT #1",0,"logical","logical",28465
"RB2_AGE","AGE IN MONTHS OF PROV-REPTD RUBELLA-ONLY SHOT #2",0,"logical","logical",28465
"RB3_AGE","AGE IN MONTHS OF PROV-REPTD RUBELLA-ONLY SHOT #3",0,"logical","logical",28465
"RB4_AGE","AGE IN MONTHS OF PROV-REPTD RUBELLA-ONLY SHOT #4",0,"logical","logical",28465
"RB5_AGE","AGE IN MONTHS OF PROV-REPTD RUBELLA-ONLY SHOT #5",0,"logical","logical",28465
"RB6_AGE","AGE IN MONTHS OF PROV-REPTD RUBELLA-ONLY SHOT #6",0,"logical","logical",28465
"RB7_AGE","AGE IN MONTHS OF PROV-REPTD RUBELLA-ONLY SHOT #7",0,"logical","logical",28465
"RB8_AGE","AGE IN MONTHS OF PROV-REPTD RUBELLA-ONLY SHOT #8",0,"logical","logical",28465
"RB9_AGE","AGE IN MONTHS OF PROV-REPTD RUBELLA-ONLY SHOT #9",0,"logical","logical",28465
"ROT1_AGE","AGE IN MONTHS OF PROV-REPTD ROTAVIRUS-CONTAINING SHOT #1",0,"integer","integer",14870
"ROT2_AGE","AGE IN MONTHS OF PROV-REPTD ROTAVIRUS-CONTAINING SHOT #2",0,"integer","integer",15305
"ROT3_AGE","AGE IN MONTHS OF PROV-REPTD ROTAVIRUS-CONTAINING SHOT #3",0,"integer","integer",19551
"ROT4_AGE","AGE IN MONTHS OF PROV-REPTD ROTAVIRUS-CONTAINING SHOT #4",0,"integer","integer",28430
"ROT5_AGE","AGE IN MONTHS OF PROV-REPTD ROTAVIRUS-CONTAINING SHOT #5",0,"logical","logical",28465
"ROT6_AGE","AGE IN MONTHS OF PROV-REPTD ROTAVIRUS-CONTAINING SHOT #6",0,"logical","logical",28465
"ROT7_AGE","AGE IN MONTHS OF PROV-REPTD ROTAVIRUS-CONTAINING SHOT #7",0,"logical","logical",28465
"ROT8_AGE","AGE IN MONTHS OF PROV-REPTD ROTAVIRUS-CONTAINING SHOT #8",0,"logical","logical",28465
"ROT9_AGE","AGE IN MONTHS OF PROV-REPTD ROTAVIRUS-CONTAINING SHOT #9",0,"logical","logical",28465
"VRC1_AGE","AGE IN MONTHS OF PROV-REPTD VARICELLA-CONTAINING SHOT #1",0,"integer","integer",14389
"VRC2_AGE","AGE IN MONTHS OF PROV-REPTD VARICELLA-CONTAINING SHOT #2",0,"integer","integer",28209
"VRC3_AGE","AGE IN MONTHS OF PROV-REPTD VARICELLA-CONTAINING SHOT #3",0,"integer","integer",28464
"VRC4_AGE","AGE IN MONTHS OF PROV-REPTD VARICELLA-CONTAINING SHOT #4",0,"logical","logical",28465
"VRC5_AGE","AGE IN MONTHS OF PROV-REPTD VARICELLA-CONTAINING SHOT #5",0,"logical","logical",28465
"VRC6_AGE","AGE IN MONTHS OF PROV-REPTD VARICELLA-CONTAINING SHOT #6",0,"logical","logical",28465
"VRC7_AGE","AGE IN MONTHS OF PROV-REPTD VARICELLA-CONTAINING SHOT #7",0,"logical","logical",28465
"VRC8_AGE","AGE IN MONTHS OF PROV-REPTD VARICELLA-CONTAINING SHOT #8",0,"logical","logical",28465
"VRC9_AGE","AGE IN MONTHS OF PROV-REPTD VARICELLA-CONTAINING SHOT #9",0,"logical","logical",28465
"XDTPTY1","",58,"","integer",13650
"XDTPTY2","",58,"","integer",13801
"XDTPTY3","",58,"","integer",13998
"XDTPTY4","",58,"","integer",15297
"XDTPTY5","",58,"","integer",28203
"XDTPTY6","",58,"","integer",28450
"XDTPTY7","",58,"","integer",28465
"XDTPTY8","",58,"","integer",28465
"XDTPTY9","",58,"","integer",28465
"XFLUTY1","",58,"","integer",17145
"XFLUTY2","",58,"","integer",18749
"XFLUTY3","",58,"","integer",21788
"XFLUTY4","",58,"","integer",26547
"XFLUTY5","",58,"","integer",28366
"XFLUTY6","",58,"","integer",28459
"XFLUTY7","",58,"","integer",28465
"XFLUTY8","",58,"","integer",28465
"XFLUTY9","",58,"","integer",28465
"XHEPTY1","",58,"","integer",13621
"XHEPTY2","",58,"","integer",13955
"XHEPTY3","",58,"","integer",14394
"XHEPTY4","",58,"","integer",23514
"XHEPTY5","",58,"","integer",28243
"XHEPTY6","",58,"","integer",28457
"XHEPTY7","",58,"","integer",28464
"XHEPTY8","",58,"","integer",28465
"XHEPTY9","",58,"","integer",28465
"XHIBTY1","",58,"","integer",13704
"XHIBTY2","",58,"","integer",13927
"XHIBTY3","",58,"","integer",14297
"XHIBTY4","",58,"","integer",18473
"XHIBTY5","",58,"","integer",28286
"XHIBTY6","",58,"","integer",28459
"XHIBTY7","",58,"","integer",28464
"XHIBTY8","",58,"","integer",28465
"XHIBTY9","",58,"","integer",28465
"XMMRTY1","",58,"","integer",14222
"XMMRTY2","",58,"","integer",28036
"XMMRTY3","",58,"","integer",28453
"XMMRTY4","",58,"","integer",28464
"XMMRTY5","",58,"","integer",28465
"XMMRTY6","",58,"","integer",28465
"XMMRTY7","",58,"","integer",28465
"XMMRTY8","",58,"","integer",28465
"XMMRTY9","",58,"","integer",28465
"XPCVTY1","",58,"","integer",13747
"XPCVTY2","",58,"","integer",13945
"XPCVTY3","",58,"","integer",14238
"XPCVTY4","",58,"","integer",15408
"XPCVTY5","",58,"","integer",28272
"XPCVTY6","",58,"","integer",28457
"XPCVTY7","",58,"","integer",28464
"XPCVTY8","",58,"","integer",28465
"XPCVTY9","",58,"","integer",28465
"XPOLTY1","",58,"","integer",13736
"XPOLTY2","",58,"","integer",13878
"XPOLTY3","",58,"","integer",14158
"XPOLTY4","",58,"","integer",25712
"XPOLTY5","",58,"","integer",28391
"XPOLTY6","",58,"","integer",28453
"XPOLTY7","",58,"","integer",28465
"XPOLTY8","",58,"","integer",28465
"XPOLTY9","",58,"","integer",28465
"XROTTY1","",58,"","integer",14870
"XROTTY2","",58,"","integer",15305
"XROTTY3","",58,"","integer",19551
"XROTTY4","",58,"","integer",28430
"XROTTY5","",58,"","integer",28465
"XROTTY6","",58,"","integer",28465
"XROTTY7","",58,"","integer",28465
"XROTTY8","",58,"","integer",28465
"XROTTY9","",58,"","integer",28465
"XVRCTY1","",58,"","integer",14389
"XVRCTY2","",58,"","integer",28209
"XVRCTY3","",58,"","integer",28464
"XVRCTY4","",58,"","integer",28465
"XVRCTY5","",58,"","integer",28465
"XVRCTY6","",58,"","integer",28465
"XVRCTY7","",58,"","integer",28465
"XVRCTY8","",58,"","integer",28465
"XVRCTY9","",58,"","integer",28465
"INS_STAT2_I","",4,"","integer",13132
"INS_BREAK_I","",4,"","integer",13158
